{
  "chow_lin": 0.5108733331792655,
  "litterman": 0.4891266668207344
}